1,2022-11-30 06:30:00-03,2022-11-30 09:30:00-03,1,link inventado :),,1,2,987123456
2,2022-11-30 06:30:00-03,2022-11-30 09:30:00-03,1,link inventado :),,2,2,987654321
3,2022-11-30 06:30:00-03,2022-11-30 09:30:00-03,1,link inventado :),,3,2,987654321
4,2022-11-30 06:30:00-03,2022-11-30 09:30:00-03,1,link inventado :),,4,2,123456789
5,2022-11-30 06:30:00-03,2022-11-30 09:30:00-03,1,link inventado :),,5,2,123456789
6,2022-11-30 06:30:00-03,2022-11-30 09:30:00-03,1,link inventado :),,6,2,123456789
7,2022-11-30 06:30:00-03,2022-11-30 09:30:00-03,1,link inventado :),,7,2,123987654
8,2022-11-30 09:30:00-03,2022-11-30 15:00:00-03,1,asdasdsadsa,,3,2,987654321
9,2022-11-30 09:30:00-03,2022-11-30 15:00:00-03,1,asdasdsadsa,,3,2,987654321
10,2022-11-30 09:30:00-03,2022-11-30 15:00:00-03,1,asdasdsadsa,,3,2,987654321
